{"cameraMode":{"drawMode":0,"name":"Shaded","section":"Shading Mode"},"sceneLighting":true,"audioPlay":false,"sceneViewState":{"showFog":true,"showMaterialUpdate":false,"showSkybox":true,"showFlares":true,"showImageEffects":true,"showParticleSystems":true},"in2DMode":false,"pivot":{"x":-0.5,"y":-2.184230327606201,"z":-3.2808265686035158},"rotation":{"x":-0.18698535859584809,"y":0.013258824124932289,"z":-0.0025239456444978716,"w":-0.9822711944580078},"size":7.407229900360107,"orthographic":false}