{"cameraMode":{"drawMode":0,"name":"Shaded","section":"Shading Mode"},"sceneLighting":false,"audioPlay":false,"sceneViewState":{"showFog":true,"showMaterialUpdate":false,"showSkybox":false,"showFlares":true,"showImageEffects":true,"showParticleSystems":true},"in2DMode":false,"pivot":{"x":4.2242431640625,"y":1.70849609375,"z":-0.31201171875},"rotation":{"x":0.19876962900161744,"y":0.052893586456775668,"z":-0.010744004510343075,"w":0.9785591959953308},"size":3.538747787475586,"orthographic":true}