{"cameraMode":{"drawMode":0,"name":"Shaded","section":"Shading Mode"},"sceneLighting":true,"audioPlay":false,"sceneViewState":{"showFog":true,"showMaterialUpdate":false,"showSkybox":true,"showFlares":true,"showImageEffects":true,"showParticleSystems":true},"in2DMode":false,"pivot":{"x":0.568359375,"y":-3.80126953125,"z":0.93505859375},"rotation":{"x":0.23164434731006623,"y":-0.45329204201698305,"z":0.1232590451836586,"w":0.8518855571746826},"size":2.1632418632507326,"orthographic":true}