{"cameraMode":{"drawMode":0,"name":"Shaded","section":"Shading Mode"},"sceneLighting":false,"audioPlay":false,"sceneViewState":{"showFog":true,"showMaterialUpdate":false,"showSkybox":false,"showFlares":true,"showImageEffects":true,"showParticleSystems":true},"in2DMode":false,"pivot":{"x":0.43367284536361697,"y":-4.479344844818115,"z":0.5562448501586914},"rotation":{"x":0.1618274599313736,"y":-0.06507877260446549,"z":0.010699408128857613,"w":0.9846238493919373},"size":2.1758430004119875,"orthographic":false}